time_decimal_year,probability_density
2023.916667,0.0031977863
2024.000000,0.0036684885
2024.083333,0.0041993128
2024.166667,0.0047959688
2024.250000,0.0054643532
2024.333333,0.0062104951
2024.416667,0.0070404919
2024.500000,0.0079604345
2024.583333,0.0089763243
2024.666667,0.0100939804
2024.750000,0.0113189394
2024.833333,0.0126563490
2024.916667,0.0141108559
2025.000000,0.0156864918
2025.083333,0.0173865573
2025.166667,0.0192135082
2025.250000,0.0211688452
2025.333333,0.0232530117
2025.416667,0.0254652992
2025.500000,0.0278037671
2025.583333,0.0302651756
2025.666667,0.0328449378
2025.750000,0.0355370897
2025.833333,0.0383342827
2025.916667,0.0412277982
2026.000000,0.0442075860
2026.083333,0.0472623270
2026.166667,0.0503795182
2026.250000,0.0535455821
2026.333333,0.0567459965
2026.416667,0.0599654431
2026.500000,0.0631879741
2026.583333,0.0663971912
2026.666667,0.0695764354
2026.750000,0.0727089839
2026.833333,0.0757782486
2026.916667,0.0787679749
2027.000000,0.0816624337
2027.083333,0.0844466065
2027.166667,0.0871063570
2027.250000,0.0896285873
2027.333333,0.0920013773
2027.416667,0.0942141024
2027.500000,0.0962575300
2027.583333,0.0981238931
2027.666667,0.0998069402
2027.750000,0.1013019614
2027.833333,0.1026057920
2027.916667,0.1037167938
2028.000000,0.1046348158
2028.083333,0.1053611362
2028.166667,0.1058983875
2028.250000,0.1062504677
2028.333333,0.1064224381
2028.416667,0.1064204129
2028.500000,0.1062514405
2028.583333,0.1059233802
2028.666667,0.1054447769
2028.750000,0.1048247340
2028.833333,0.1040727897
2028.916667,0.1031987945
2029.000000,0.1022127955
2029.083333,0.1011249252
2029.166667,0.0999452990
2029.250000,0.0986839204
2029.333333,0.0973505947
2029.416667,0.0959548536
2029.500000,0.0945058885
2029.583333,0.0930124949
2029.666667,0.0914830261
2029.750000,0.0899253573
2029.833333,0.0883468599
2029.916667,0.0867543844
2030.000000,0.0851542522
2030.083333,0.0835522557
2030.166667,0.0819536652
2030.250000,0.0803632427
2030.333333,0.0787852608
2030.416667,0.0772235254
2030.500000,0.0756814033
2030.583333,0.0741618505
2030.666667,0.0726674425
2030.750000,0.0712004055
2030.833333,0.0697626463
2030.916667,0.0683557815
2031.000000,0.0669811644
2031.083333,0.0656399106
2031.166667,0.0643329193
2031.250000,0.0630608935
2031.333333,0.0618243559
2031.416667,0.0606236629
2031.500000,0.0594590151
2031.583333,0.0583304666
2031.666667,0.0572379315
2031.750000,0.0561811891
2031.833333,0.0551598884
2031.916667,0.0541735520
2032.000000,0.0532215794
2032.083333,0.0523032516
2032.166667,0.0514177350
2032.250000,0.0505640880
2032.333333,0.0497412664
2032.416667,0.0489481325
2032.500000,0.0481834631
2032.583333,0.0474459599
2032.666667,0.0467342610
2032.750000,0.0460469518
2032.833333,0.0453825778
2032.916667,0.0447396569
2033.000000,0.0441166919
2033.083333,0.0435121822
2033.166667,0.0429246357
2033.250000,0.0423525794
2033.333333,0.0417945689
2033.416667,0.0412491973
2033.500000,0.0407151025
2033.583333,0.0401909736
2033.666667,0.0396755561
2033.750000,0.0391676560
2033.833333,0.0386661428
2033.916667,0.0381699521
2034.000000,0.0376780869
2034.083333,0.0371896191
2034.166667,0.0367036903
2034.250000,0.0362195122
2034.333333,0.0357363677
2034.416667,0.0352536112
2034.500000,0.0347706701
2034.583333,0.0342870455
2034.666667,0.0338023142
2034.750000,0.0333161298
2034.833333,0.0328282257
2034.916667,0.0323384163
2035.000000,0.0318465998
2035.083333,0.0313527603
2035.166667,0.0308569697
2035.250000,0.0303593894
2035.333333,0.0298602709
2035.416667,0.0293599566
2035.500000,0.0288588791
2035.583333,0.0283575593
2035.666667,0.0278566034
2035.750000,0.0273566994
2035.833333,0.0268586105
2035.916667,0.0263631687
2036.000000,0.0258712659
2036.083333,0.0253838440
2036.166667,0.0249018833
2036.250000,0.0244263900
2036.333333,0.0239583824
2036.416667,0.0234988762
2036.500000,0.0230488695
2036.583333,0.0226093273
2036.666667,0.0221811660
2036.750000,0.0217652384
2036.833333,0.0213623193
2036.916667,0.0209730924
2037.000000,0.0205981385
2037.083333,0.0202379254
2037.166667,0.0198927996
2037.250000,0.0195629807
2037.333333,0.0192485581
2037.416667,0.0189494896
2037.500000,0.0186656034
2037.583333,0.0183966017
2037.666667,0.0181420676
2037.750000,0.0179014735
2037.833333,0.0176741916
2037.916667,0.0174595067
2038.000000,0.0172566292
2038.083333,0.0170647103
2038.166667,0.0168828570
2038.250000,0.0167101476
2038.333333,0.0165456472
2038.416667,0.0163884227
2038.500000,0.0162375566
2038.583333,0.0160921602
2038.666667,0.0159513851
2038.750000,0.0158144335
2038.833333,0.0156805667
2038.916667,0.0155491121
2039.000000,0.0154194681
2039.083333,0.0152911075
2039.166667,0.0151635798
2039.250000,0.0150365111
2039.333333,0.0149096034
2039.416667,0.0147826322
2039.500000,0.0146554434
2039.583333,0.0145279495
2039.666667,0.0144001245
2039.750000,0.0142719991
2039.833333,0.0141436550
2039.916667,0.0140152191
2040.000000,0.0138868581
2040.083333,0.0137587723
2040.166667,0.0136311904
2040.250000,0.0135043638
2040.333333,0.0133785618
2040.416667,0.0132540659
2040.500000,0.0131311662
2040.583333,0.0130101562
2040.666667,0.0128913291
2040.750000,0.0127749742
2040.833333,0.0126613731
2040.916667,0.0125507970
2041.000000,0.0124435031
2041.083333,0.0123397329
2041.166667,0.0122397091
2041.250000,0.0121436339
2041.333333,0.0120516874
2041.416667,0.0119640258
2041.500000,0.0118807805
2041.583333,0.0118020574
2041.666667,0.0117279362
2041.750000,0.0116584707
2041.833333,0.0115936885
2041.916667,0.0115335921
2042.000000,0.0114781597
2042.083333,0.0114273463
2042.166667,0.0113810854
2042.250000,0.0113392910
2042.333333,0.0113018589
2042.416667,0.0112686697
2042.500000,0.0112395902
2042.583333,0.0112144759
2042.666667,0.0111931729
2042.750000,0.0111755202
2042.833333,0.0111613505
2042.916667,0.0111504924
2043.000000,0.0111427708
2043.083333,0.0111380078
2043.166667,0.0111360225
2043.250000,0.0111366308
2043.333333,0.0111396448
2043.416667,0.0111448713
2043.500000,0.0111521103
2043.583333,0.0111611531
2043.666667,0.0111717804
2043.750000,0.0111837593
2043.833333,0.0111968414
2043.916667,0.0112107604
2044.000000,0.0112252296
2044.083333,0.0112399397
2044.166667,0.0112545577
2044.250000,0.0112687250
2044.333333,0.0112820571
2044.416667,0.0112941433
2044.500000,0.0113045472
2044.583333,0.0113128085
2044.666667,0.0113184446
2044.750000,0.0113209540
2044.833333,0.0113198199
2044.916667,0.0113145152
2045.000000,0.0113045075
2045.083333,0.0112892660
2045.166667,0.0112682679
2045.250000,0.0112410063
2045.333333,0.0112069979
2045.416667,0.0111657915
2045.500000,0.0111169763
2045.583333,0.0110601902
2045.666667,0.0109951280
2045.750000,0.0109215488
2045.833333,0.0108392830
2045.916667,0.0107482381
2046.000000,0.0106484034
2046.083333,0.0105398532
2046.166667,0.0104227489
2046.250000,0.0102973386
2046.333333,0.0101639557
2046.416667,0.0100230149
2046.500000,0.0098750072
2046.583333,0.0097204921
2046.666667,0.0095600886
2046.750000,0.0093944647
2046.833333,0.0092243255
2046.916667,0.0090503997
2047.000000,0.0088734263
2047.083333,0.0086941404
2047.166667,0.0085132585
2047.250000,0.0083314651
2047.333333,0.0081493992
2047.416667,0.0079676426
2047.500000,0.0077867091
2047.583333,0.0076070361
2047.666667,0.0074289773
2047.750000,0.0072527987
2047.833333,0.0070786766
2047.916667,0.0069066974
2048.000000,0.0067368611
2048.083333,0.0065690861
2048.166667,0.0064032166
2048.250000,0.0062390324
2048.333333,0.0060762597
2048.416667,0.0059145838
2048.500000,0.0057536624
2048.583333,0.0055931401
2048.666667,0.0054326625
2048.750000,0.0052718903
2048.833333,0.0051105128
2048.916667,0.0049482602
2049.000000,0.0047849149
2049.083333,0.0046203205
2049.166667,0.0044543895
2049.250000,0.0042871085
2049.333333,0.0041185413
2049.416667,0.0039488295
2049.500000,0.0037781916
2049.583333,0.0036069190
2049.666667,0.0034353706
2049.750000,0.0032639655
